-- MariaDB dump 10.19  Distrib 10.4.32-MariaDB, for Win64 (AMD64)
--
-- Host: localhost    Database: deductions_db
-- ------------------------------------------------------
-- Server version	10.4.32-MariaDB

/*!40101 SET @OLD_CHARACTER_SET_CLIENT=@@CHARACTER_SET_CLIENT */;
/*!40101 SET @OLD_CHARACTER_SET_RESULTS=@@CHARACTER_SET_RESULTS */;
/*!40101 SET @OLD_COLLATION_CONNECTION=@@COLLATION_CONNECTION */;
/*!40101 SET NAMES utf8mb4 */;
/*!40103 SET @OLD_TIME_ZONE=@@TIME_ZONE */;
/*!40103 SET TIME_ZONE='+00:00' */;
/*!40014 SET @OLD_UNIQUE_CHECKS=@@UNIQUE_CHECKS, UNIQUE_CHECKS=0 */;
/*!40014 SET @OLD_FOREIGN_KEY_CHECKS=@@FOREIGN_KEY_CHECKS, FOREIGN_KEY_CHECKS=0 */;
/*!40101 SET @OLD_SQL_MODE=@@SQL_MODE, SQL_MODE='NO_AUTO_VALUE_ON_ZERO' */;
/*!40111 SET @OLD_SQL_NOTES=@@SQL_NOTES, SQL_NOTES=0 */;

--
-- Table structure for table `deductions`
--

DROP TABLE IF EXISTS `deductions`;
/*!40101 SET @saved_cs_client     = @@character_set_client */;
/*!40101 SET character_set_client = utf8 */;
CREATE TABLE `deductions` (
  `id` int(11) NOT NULL AUTO_INCREMENT,
  `employee_id` int(11) NOT NULL,
  `source_id` int(11) NOT NULL,
  `monthly_amount` decimal(10,2) NOT NULL,
  `total_months` int(11) NOT NULL,
  `start_date` date NOT NULL,
  `end_date` date NOT NULL,
  `created_at` timestamp NOT NULL DEFAULT current_timestamp(),
  PRIMARY KEY (`id`),
  KEY `employee_id` (`employee_id`),
  KEY `source_id` (`source_id`),
  CONSTRAINT `deductions_ibfk_1` FOREIGN KEY (`employee_id`) REFERENCES `employees` (`id`) ON DELETE CASCADE,
  CONSTRAINT `deductions_ibfk_2` FOREIGN KEY (`source_id`) REFERENCES `sources` (`id`) ON DELETE CASCADE
) ENGINE=InnoDB AUTO_INCREMENT=702 DEFAULT CHARSET=utf8mb4 COLLATE=utf8mb4_general_ci;
/*!40101 SET character_set_client = @saved_cs_client */;

--
-- Dumping data for table `deductions`
--

LOCK TABLES `deductions` WRITE;
/*!40000 ALTER TABLE `deductions` DISABLE KEYS */;
INSERT INTO `deductions` VALUES (4,35,1,9438.00,10,'2021-07-01','2022-04-01','2026-04-10 13:38:08'),(5,41,1,2860.00,10,'2021-07-01','2022-04-01','2026-04-10 13:38:08'),(6,14,1,3168.00,10,'2021-07-01','2022-04-01','2026-04-10 13:38:08'),(7,8,1,3388.00,10,'2021-08-01','2022-05-01','2026-04-10 13:38:08'),(8,18,1,9900.00,10,'2021-08-01','2022-05-01','2026-04-10 13:38:08'),(9,15,1,3388.00,10,'2021-08-01','2022-05-01','2026-04-10 13:38:08'),(10,6,1,7590.00,10,'2021-10-01','2022-07-01','2026-04-10 13:38:08'),(11,31,1,8030.00,10,'2021-10-01','2022-07-01','2026-04-10 13:38:08'),(12,31,1,5808.00,10,'2021-10-01','2022-07-01','2026-04-10 13:38:08'),(13,11,1,3036.00,10,'2021-12-01','2022-09-01','2026-04-10 13:38:08'),(14,18,1,2475.00,10,'2021-11-01','2022-08-01','2026-04-10 13:38:08'),(15,9,1,17138.00,10,'2021-11-01','2022-08-01','2026-04-10 13:38:09'),(16,22,1,4246.00,10,'2022-01-01','2022-10-01','2026-04-10 13:38:09'),(17,7,1,6884.90,10,'2022-01-01','2022-10-01','2026-04-10 13:38:09'),(18,47,1,3509.00,10,'2022-02-01','2022-11-01','2026-04-10 13:38:09'),(19,31,1,3828.00,10,'2022-03-01','2022-12-01','2026-04-10 13:38:09'),(20,16,1,1523.50,10,'2022-04-01','2023-01-01','2026-04-10 13:38:09'),(21,44,1,3509.00,10,'2022-04-01','2023-01-01','2026-04-10 13:38:09'),(22,19,1,462.00,10,'2022-06-01','2023-03-01','2026-04-10 13:38:09'),(23,9,1,8085.00,10,'2022-06-01','2023-03-01','2026-04-10 13:38:09'),(24,5,1,7700.00,10,'2022-06-01','2023-03-01','2026-04-10 13:38:09'),(25,34,1,5599.00,10,'2022-06-01','2023-03-01','2026-04-10 13:38:09'),(26,35,1,6479.00,10,'2022-07-01','2023-04-01','2026-04-10 13:38:09'),(27,14,1,7018.00,10,'2022-07-01','2023-04-01','2026-04-10 13:38:09'),(28,18,1,1782.00,10,'2022-08-01','2023-05-01','2026-04-10 13:38:09'),(29,28,1,15620.00,10,'2022-08-01','2023-05-01','2026-04-10 13:38:09'),(30,16,1,6435.00,10,'2022-10-01','2023-07-01','2026-04-10 13:38:09'),(31,9,1,15829.00,10,'2022-10-01','2023-07-01','2026-04-10 13:38:09'),(32,31,1,3278.00,10,'2022-10-01','2023-07-01','2026-04-10 13:38:09'),(33,11,1,2575.00,10,'2022-11-01','2023-08-01','2026-04-10 13:38:09'),(34,26,1,2780.00,10,'2022-11-01','2023-08-01','2026-04-10 13:38:09'),(35,41,1,3498.00,10,'2022-12-01','2023-09-01','2026-04-10 13:38:09'),(36,17,1,2849.00,10,'2022-12-01','2023-09-01','2026-04-10 13:38:09'),(37,40,1,2090.00,10,'2023-01-01','2023-10-01','2026-04-10 13:38:09'),(38,19,1,1650.00,10,'2023-01-01','2023-10-01','2026-04-10 13:38:09'),(39,44,1,2629.00,10,'2023-02-01','2023-11-01','2026-04-10 13:38:09'),(40,15,1,2068.00,10,'2023-04-01','2024-01-01','2026-04-10 13:38:09'),(41,22,1,4389.00,10,'2023-04-01','2024-01-01','2026-04-10 13:38:09'),(42,6,1,19206.00,10,'2023-04-01','2024-01-01','2026-04-10 13:38:09'),(43,22,1,1026.70,10,'2024-02-01','2024-11-01','2026-04-10 13:38:09'),(44,23,1,1026.70,10,'2023-04-01','2024-01-01','2026-04-10 13:38:09'),(45,24,1,1026.70,10,'2023-04-01','2024-01-01','2026-04-10 13:38:09'),(46,25,1,1026.70,10,'2023-04-01','2024-01-01','2026-04-10 13:38:09'),(47,26,1,1026.70,10,'2023-04-01','2024-01-01','2026-04-10 13:38:09'),(48,27,1,1026.70,10,'2023-04-01','2024-01-01','2026-04-10 13:38:09'),(49,28,1,1026.70,10,'2023-04-01','2024-01-01','2026-04-10 13:38:09'),(50,29,1,1026.70,10,'2023-04-01','2024-01-01','2026-04-10 13:38:09'),(51,30,1,1026.70,10,'2023-04-01','2024-01-01','2026-04-10 13:38:09'),(52,9,1,8228.00,10,'2023-05-01','2024-02-01','2026-04-10 13:38:09'),(53,4,1,8459.00,10,'2023-06-01','2024-03-01','2026-04-10 13:38:09'),(54,35,1,11726.00,10,'2023-06-01','2024-03-01','2026-04-10 13:38:09'),(55,8,1,7436.00,10,'2023-07-01','2024-04-01','2026-04-10 13:38:09'),(56,11,1,2950.00,10,'2023-07-01','2024-04-01','2026-04-10 13:38:09'),(57,15,1,700.00,10,'2023-07-01','2024-04-01','2026-04-10 13:38:09'),(58,16,1,9889.00,10,'2023-07-01','2024-04-01','2026-04-10 13:38:09'),(59,28,1,16698.00,10,'2023-07-01','2024-04-01','2026-04-10 13:38:09'),(60,31,1,13827.00,10,'2023-04-01','2024-01-01','2026-04-10 13:38:09'),(61,44,1,7436.00,10,'2023-08-01','2024-05-01','2026-04-10 13:38:09'),(62,35,1,4939.00,10,'2023-10-01','2024-07-01','2026-04-10 13:38:09'),(63,14,1,5148.00,10,'2023-12-01','2024-09-01','2026-04-10 13:38:09'),(64,13,1,2508.00,10,'2024-01-01','2024-10-01','2026-04-10 13:38:09'),(65,4,1,10940.20,10,'2024-05-01','2025-02-01','2026-04-10 13:38:09'),(66,16,1,8822.00,10,'2024-02-01','2024-11-01','2026-04-10 13:38:09'),(67,21,1,3600.00,10,'2024-03-01','2024-12-01','2026-04-10 13:38:09'),(68,19,1,3608.00,10,'2024-03-01','2024-12-01','2026-04-10 13:38:09'),(69,29,1,2618.00,10,'2024-04-01','2025-01-01','2026-04-10 13:38:09'),(70,34,1,2728.00,10,'2024-04-01','2025-01-01','2026-04-10 13:38:09'),(71,18,1,8778.00,10,'2024-05-01','2025-02-01','2026-04-10 13:38:09'),(72,31,1,25960.00,10,'2024-06-01','2025-03-01','2026-04-10 13:38:09'),(73,28,1,13189.00,10,'2024-07-01','2025-04-01','2026-04-10 13:38:09'),(74,26,1,7579.00,10,'2024-09-01','2025-06-01','2026-04-10 13:38:09'),(75,40,1,5000.00,10,'2024-09-01','2025-06-01','2026-04-10 13:38:09'),(76,34,1,4686.00,10,'2024-10-01','2025-07-01','2026-04-10 13:38:09'),(77,11,1,6300.00,10,'2024-10-01','2025-07-01','2026-04-10 13:38:09'),(78,19,1,2068.00,10,'2024-11-01','2025-08-01','2026-04-10 13:38:09'),(79,44,1,12400.00,10,'2025-01-01','2025-10-01','2026-04-10 13:38:09'),(80,40,1,5720.00,10,'2025-02-01','2025-11-01','2026-04-10 13:38:09'),(81,6,1,3388.00,10,'2025-03-01','2025-12-01','2026-04-10 13:38:09'),(82,9,1,15840.00,10,'2025-03-01','2025-12-01','2026-04-10 13:38:09'),(83,13,1,4598.00,10,'2025-05-01','2026-02-01','2026-04-10 13:38:09'),(84,21,1,11000.00,10,'2025-06-01','2026-03-01','2026-04-10 13:38:09'),(85,31,1,11990.00,10,'2025-07-01','2026-04-01','2026-04-10 13:38:09'),(86,22,1,11990.00,10,'2025-08-01','2026-05-01','2026-04-10 13:38:09'),(87,31,1,11990.00,10,'2025-08-01','2026-05-01','2026-04-10 13:38:09'),(88,26,1,8690.00,10,'2025-08-01','2026-05-01','2026-04-10 13:38:09'),(89,21,1,2700.00,10,'2025-08-01','2026-05-01','2026-04-10 13:38:09'),(90,35,1,4708.00,10,'2025-08-01','2026-05-01','2026-04-10 13:38:09'),(91,31,1,2838.00,10,'2026-01-01','2026-10-01','2026-04-10 13:38:09'),(92,22,1,3608.00,10,'2026-01-01','2026-10-01','2026-04-10 13:38:09'),(93,47,1,8690.00,10,'2026-03-01','2026-12-01','2026-04-10 13:38:09'),(94,40,1,2827.00,10,'2026-03-01','2026-12-01','2026-04-10 13:38:09'),(95,34,1,6226.00,10,'2026-03-01','2026-12-01','2026-04-10 13:38:09'),(96,16,1,11836.00,10,'2026-03-01','2026-12-01','2026-04-10 13:38:09'),(97,4,1,9878.00,10,'2026-04-01','2027-01-01','2026-04-10 13:38:09'),(98,11,1,2200.00,10,'2026-04-01','2027-01-01','2026-04-10 13:38:09'),(99,35,1,13189.00,10,'2026-04-01','2027-01-01','2026-04-10 13:38:09'),(100,18,1,9800.00,10,'2026-05-01','2027-02-01','2026-04-10 13:38:09'),(101,9,1,19400.00,10,'2026-05-01','2027-02-01','2026-04-10 13:38:09'),(158,49,1,2728.00,10,'2023-07-01','2024-04-01','2026-04-10 13:40:16'),(161,48,1,28240.00,10,'2023-08-01','2024-05-01','2026-04-10 13:40:16'),(202,37,2,3000.00,10,'2021-03-01','2021-12-01','2026-04-10 13:45:46'),(203,33,2,5000.00,4,'2021-11-01','2022-02-01','2026-04-10 13:45:46'),(204,40,2,3000.00,10,'2021-05-01','2022-02-01','2026-04-10 13:45:46'),(205,27,2,5000.00,3,'2022-01-01','2022-03-01','2026-04-10 13:45:46'),(206,34,2,3000.00,10,'2021-07-01','2022-04-01','2026-04-10 13:45:46'),(207,49,2,10000.00,3,'2022-02-01','2022-04-01','2026-04-10 13:45:46'),(208,41,2,3000.00,10,'2021-08-01','2022-05-01','2026-04-10 13:45:46'),(209,35,2,3000.00,10,'2021-09-01','2022-06-01','2026-04-10 13:45:46'),(210,31,2,3000.00,10,'2021-10-01','2022-07-01','2026-04-10 13:45:46'),(211,8,2,3000.00,10,'2021-10-01','2022-07-01','2026-04-10 13:45:46'),(212,16,2,3000.00,10,'2021-10-01','2022-07-01','2026-04-10 13:45:46'),(213,6,2,3000.00,10,'2021-10-01','2022-07-01','2026-04-10 13:45:46'),(214,33,2,5000.00,4,'2022-04-01','2022-07-01','2026-04-10 13:45:46'),(215,14,2,3000.00,10,'2021-11-01','2022-08-01','2026-04-10 13:45:46'),(216,19,2,3000.00,10,'2021-11-01','2022-08-01','2026-04-10 13:45:46'),(217,49,2,9000.00,3,'2022-06-01','2022-08-01','2026-04-10 13:45:46'),(218,13,2,3000.00,10,'2021-12-01','2022-09-01','2026-04-10 13:45:46'),(219,28,2,10000.00,5,'2022-05-01','2022-09-01','2026-04-10 13:45:46'),(220,37,2,10000.00,5,'2022-05-01','2022-09-01','2026-04-10 13:45:46'),(221,11,2,2000.00,5,'2022-06-01','2022-10-01','2026-04-10 13:45:46'),(222,47,2,10000.00,3,'2022-08-01','2022-10-01','2026-04-10 13:45:46'),(223,28,2,5000.00,2,'2022-09-01','2022-10-01','2026-04-10 13:45:46'),(224,21,2,3000.00,10,'2022-02-01','2022-11-01','2026-04-10 13:45:46'),(225,44,2,3000.00,10,'2022-02-01','2022-11-01','2026-04-10 13:45:46'),(226,7,2,3000.00,10,'2022-02-01','2022-11-01','2026-04-10 13:45:46'),(227,31,2,10000.00,5,'2022-07-01','2022-11-01','2026-04-10 13:45:46'),(228,33,2,10000.00,5,'2022-08-01','2022-12-01','2026-04-10 13:45:46'),(229,35,2,12500.00,4,'2022-10-01','2023-01-01','2026-04-10 13:45:46'),(230,40,2,1500.00,10,'2022-04-01','2023-01-01','2026-04-10 13:45:46'),(231,27,2,10000.00,5,'2022-09-01','2023-01-01','2026-04-10 13:45:46'),(232,46,2,10000.00,5,'2022-09-01','2023-01-01','2026-04-10 13:45:46'),(233,15,2,5000.00,6,'2022-08-01','2023-01-01','2026-04-10 13:45:46'),(234,34,2,8666.67,6,'2022-08-01','2023-01-01','2026-04-10 13:45:46'),(235,37,2,7500.00,6,'2022-08-01','2023-01-01','2026-04-10 13:45:46'),(236,8,2,9166.67,6,'2022-08-01','2023-01-01','2026-04-10 13:45:46'),(237,4,2,8333.33,6,'2022-08-01','2023-01-01','2026-04-10 13:45:46'),(238,34,2,3000.00,10,'2022-05-01','2023-02-01','2026-04-10 13:45:46'),(239,8,2,10000.00,5,'2022-10-01','2023-02-01','2026-04-10 13:45:46'),(240,4,2,10000.00,5,'2022-10-01','2023-02-01','2026-04-10 13:45:46'),(241,32,2,10000.00,5,'2022-11-01','2023-03-01','2026-04-10 13:45:46'),(242,11,2,2000.00,5,'2022-11-01','2023-03-01','2026-04-10 13:45:46'),(243,18,2,3000.00,10,'2022-08-01','2023-05-01','2026-04-10 13:45:46'),(244,48,2,10000.00,5,'2023-01-01','2023-05-01','2026-04-10 13:45:46'),(245,34,2,12500.00,4,'2023-02-01','2023-05-01','2026-04-10 13:45:46'),(246,13,2,10000.00,5,'2023-02-01','2023-06-01','2026-04-10 13:45:46'),(247,14,2,3000.00,10,'2022-10-01','2023-07-01','2026-04-10 13:45:46'),(248,19,2,3000.00,10,'2022-10-01','2023-07-01','2026-04-10 13:45:46'),(249,7,2,10000.00,5,'2023-07-01','2023-11-01','2026-04-10 13:45:46'),(250,41,2,10000.00,5,'2023-07-01','2023-11-01','2026-04-10 13:45:46'),(251,31,2,10000.00,5,'2023-07-01','2023-11-01','2026-04-10 13:45:46'),(252,33,2,10000.00,5,'2023-07-01','2023-11-01','2026-04-10 13:45:46'),(253,21,2,6666.67,6,'2023-07-01','2023-12-01','2026-04-10 13:45:46'),(254,5,2,10000.00,5,'2023-07-01','2023-11-01','2026-04-10 13:45:46'),(255,18,2,10000.00,5,'2023-07-01','2023-11-01','2026-04-10 13:45:46'),(256,8,2,10000.00,5,'2023-07-01','2023-11-01','2026-04-10 13:45:46'),(257,17,2,3000.00,10,'2023-07-01','2024-04-01','2026-04-10 13:45:46'),(258,13,2,10000.00,5,'2023-08-01','2023-12-01','2026-04-10 13:45:46'),(259,31,2,12500.00,6,'2023-09-01','2024-02-01','2026-04-10 13:45:46'),(260,15,2,7500.00,6,'2023-09-02','2024-02-02','2026-04-10 13:45:46'),(261,16,2,10833.33,6,'2023-09-01','2024-02-01','2026-04-10 13:45:46'),(262,40,2,4285.71,7,'2023-08-01','2024-02-01','2026-04-10 13:45:46'),(263,9,2,10000.00,5,'2023-09-01','2024-01-01','2026-04-10 13:45:46'),(264,4,2,10000.00,5,'2023-09-01','2024-01-01','2026-04-10 13:45:46'),(265,27,2,5000.00,6,'2023-09-01','2024-02-01','2026-04-10 13:45:46'),(266,37,2,10000.00,5,'2024-02-01','2024-06-01','2026-04-10 13:45:46'),(267,15,2,1500.00,10,'2024-02-01','2024-11-01','2026-04-10 13:45:46'),(268,28,2,3000.00,10,'2024-02-01','2024-11-01','2026-04-10 13:45:46'),(269,15,2,7500.00,8,'2024-05-01','2024-12-01','2026-04-10 13:45:46'),(270,49,2,12500.00,4,'2024-06-01','2024-09-01','2026-04-10 13:45:46'),(271,40,2,10000.00,5,'2024-06-01','2024-10-01','2026-04-10 13:45:46'),(272,47,2,10000.00,5,'2024-06-01','2024-10-01','2026-04-10 13:45:46'),(273,13,2,10000.00,5,'2024-06-01','2024-10-01','2026-04-10 13:45:46'),(274,21,2,10000.00,5,'2024-06-01','2024-10-01','2026-04-10 13:45:46'),(275,18,2,10000.00,5,'2024-07-01','2024-11-01','2026-04-10 13:45:46'),(276,48,2,10000.00,5,'2024-06-01','2024-10-01','2026-04-10 13:45:46'),(277,11,2,4000.00,10,'2024-09-01','2025-06-01','2026-04-10 13:45:46'),(278,7,2,10000.00,5,'2024-08-01','2024-12-01','2026-04-10 13:45:46'),(279,4,2,10000.00,5,'2024-08-01','2024-12-01','2026-04-10 13:45:46'),(280,29,2,5000.00,6,'2024-08-01','2025-01-01','2026-04-10 13:45:46'),(281,10,2,5000.00,6,'2024-08-01','2025-01-01','2026-04-10 13:45:46'),(282,12,2,10000.00,5,'2024-08-01','2024-12-01','2026-04-10 13:45:46'),(283,9,2,10000.00,5,'2024-11-01','2025-03-01','2026-04-10 13:45:46'),(284,14,2,10000.00,5,'2024-11-01','2025-03-01','2026-04-10 13:45:46'),(285,21,2,5000.00,4,'2025-01-01','2025-04-01','2026-04-10 13:45:46'),(286,15,2,7500.00,2,'2025-02-01','2025-03-01','2026-04-10 13:45:46'),(287,13,2,10000.00,5,'2025-05-01','2025-09-01','2026-04-10 13:45:46'),(288,21,2,5000.00,6,'2025-05-01','2025-10-01','2026-04-10 13:45:46'),(289,8,2,5000.00,6,'2025-05-01','2025-10-01','2026-04-10 13:45:46'),(290,47,2,10000.00,3,'2025-05-01','2025-07-01','2026-04-10 13:45:46'),(291,41,2,10000.00,5,'2025-05-01','2025-09-01','2026-04-10 13:45:46'),(292,49,2,12500.00,4,'2025-05-01','2025-08-01','2026-04-10 13:45:46'),(293,14,2,10000.00,5,'2025-05-01','2025-09-01','2026-04-10 13:45:46'),(294,40,2,10000.00,5,'2025-09-01','2026-01-01','2026-04-10 13:45:46'),(295,7,2,10000.00,5,'2025-05-01','2025-09-01','2026-04-10 13:45:46'),(296,31,2,10000.00,5,'2025-07-01','2025-11-01','2026-04-10 13:45:46'),(297,34,2,10000.00,5,'2025-07-01','2025-11-01','2026-04-10 13:45:46'),(298,28,2,10000.00,5,'2025-08-01','2025-12-01','2026-04-10 13:45:46'),(299,15,2,10000.00,5,'2025-08-01','2025-12-01','2026-04-10 13:45:46'),(300,16,2,10000.00,5,'2025-08-01','2025-12-01','2026-04-10 13:45:46'),(301,18,2,10000.00,5,'2025-09-01','2026-01-01','2026-04-10 13:45:46'),(302,29,2,5000.00,6,'2025-09-01','2026-02-01','2026-04-10 13:45:46'),(303,21,2,5000.00,6,'2025-11-01','2026-04-01','2026-04-10 13:45:46'),(304,14,2,10000.00,5,'2025-11-01','2026-03-01','2026-04-10 13:45:46'),(305,13,2,10000.00,5,'2025-12-01','2026-04-01','2026-04-10 13:45:46'),(306,47,2,10000.00,5,'2025-11-01','2026-03-01','2026-04-10 13:45:46'),(307,49,2,10000.00,5,'2025-11-01','2026-03-01','2026-04-10 13:45:46'),(308,4,2,10000.00,5,'2025-11-01','2026-03-01','2026-04-10 13:45:46'),(309,41,2,10000.00,5,'2025-11-01','2026-03-01','2026-04-10 13:45:46'),(310,27,2,10000.00,5,'2026-03-01','2026-07-01','2026-04-10 13:45:46'),(315,38,2,10000.00,2,'2022-02-01','2022-03-01','2026-04-10 13:50:25'),(331,38,2,10000.00,3,'2022-07-01','2022-09-01','2026-04-10 13:50:25'),(353,38,2,10000.00,5,'2022-11-01','2023-03-01','2026-04-10 13:50:25'),(366,38,2,12500.00,4,'2023-07-01','2023-10-01','2026-04-10 13:50:25'),(386,41,2,10000.00,5,'2024-07-01','2024-11-01','2026-04-10 13:50:25'),(390,38,2,10000.00,5,'2024-06-01','2024-10-01','2026-04-10 13:50:25'),(410,50,2,10000.00,5,'2025-05-01','2025-09-01','2026-04-10 13:50:25'),(412,38,2,10000.00,5,'2025-05-01','2025-09-01','2026-04-10 13:50:25'),(423,38,2,10000.00,5,'2025-11-01','2026-03-01','2026-04-10 13:50:25'),(447,48,2,4000.00,5,'2022-05-01','2022-09-01','2026-04-10 13:53:01'),(495,47,2,10000.00,3,'2023-09-01','2023-11-01','2026-04-10 13:53:01'),(499,48,2,10000.00,5,'2023-11-01','2024-03-01','2026-04-10 13:53:01'),(537,37,2,10000.00,5,'2025-07-01','2025-11-01','2026-04-10 13:53:01'),(580,41,2,10000.00,5,'2022-08-01','2022-12-01','2026-04-10 13:54:09'),(674,46,3,300.00,12,'2026-01-01','2026-12-01','2026-04-10 16:23:48'),(675,5,3,800.00,12,'2026-01-01','2026-12-01','2026-04-10 16:23:48'),(676,32,3,500.00,12,'2026-01-01','2026-12-01','2026-04-10 16:23:48'),(677,7,3,800.00,12,'2026-01-01','2026-12-01','2026-04-10 16:23:48'),(678,34,3,500.00,12,'2026-01-01','2026-12-01','2026-04-10 16:23:48'),(679,35,3,800.00,12,'2026-01-01','2026-12-01','2026-04-10 16:23:48'),(680,6,3,1000.00,12,'2026-01-01','2026-12-01','2026-04-10 16:23:48'),(681,8,3,1000.00,12,'2026-01-01','2026-12-01','2026-04-10 16:23:49'),(682,9,3,1000.00,12,'2026-01-01','2026-12-01','2026-04-10 16:23:49'),(683,11,3,1100.00,12,'2026-01-01','2026-12-01','2026-04-10 16:23:49'),(684,13,3,300.00,12,'2026-01-01','2026-12-01','2026-04-10 16:23:49'),(685,14,3,1400.00,12,'2026-01-01','2026-12-01','2026-04-10 16:23:49'),(686,15,3,800.00,12,'2026-01-01','2026-12-01','2026-04-10 16:23:49'),(687,40,3,800.00,12,'2026-01-01','2026-12-01','2026-04-10 16:23:49'),(688,31,3,1000.00,12,'2026-01-01','2026-12-01','2026-04-10 16:23:49'),(689,49,3,300.00,12,'2026-01-01','2026-12-01','2026-04-10 16:23:49'),(690,21,3,1000.00,12,'2026-01-01','2026-12-01','2026-04-10 16:23:49'),(691,42,3,500.00,12,'2026-01-01','2026-12-01','2026-04-10 16:25:12'),(692,37,3,500.00,12,'2026-01-01','2026-12-01','2026-04-10 16:26:36'),(693,22,3,800.00,12,'2026-01-01','2026-12-01','2026-04-10 16:45:53'),(694,23,3,1000.00,12,'2026-01-01','2026-12-01','2026-04-10 16:45:53'),(695,24,3,1000.00,12,'2026-01-01','2026-12-01','2026-04-10 16:45:53'),(696,25,3,800.00,12,'2026-01-01','2026-12-01','2026-04-10 16:45:53'),(697,26,3,1300.00,12,'2026-01-01','2026-12-01','2026-04-10 16:45:53'),(698,29,3,800.00,12,'2026-01-01','2026-12-01','2026-04-10 16:45:53'),(699,20,3,1500.00,12,'2026-01-01','2026-12-01','2026-04-10 16:45:53'),(700,47,3,500.00,12,'2026-01-01','2026-12-01','2026-04-10 16:45:53'),(701,41,3,1500.00,12,'2026-01-01','2026-12-01','2026-04-10 16:45:53');
/*!40000 ALTER TABLE `deductions` ENABLE KEYS */;
UNLOCK TABLES;

--
-- Table structure for table `employees`
--

DROP TABLE IF EXISTS `employees`;
/*!40101 SET @saved_cs_client     = @@character_set_client */;
/*!40101 SET character_set_client = utf8 */;
CREATE TABLE `employees` (
  `id` int(11) NOT NULL AUTO_INCREMENT,
  `name` varchar(100) NOT NULL,
  `category` enum('Permanent','Contract') NOT NULL DEFAULT 'Contract',
  `created_at` timestamp NOT NULL DEFAULT current_timestamp(),
  PRIMARY KEY (`id`)
) ENGINE=InnoDB AUTO_INCREMENT=51 DEFAULT CHARSET=utf8mb4 COLLATE=utf8mb4_general_ci;
/*!40101 SET character_set_client = @saved_cs_client */;

--
-- Dumping data for table `employees`
--

LOCK TABLES `employees` WRITE;
/*!40000 ALTER TABLE `employees` DISABLE KEYS */;
INSERT INTO `employees` VALUES (4,'غمام عمارة فاطمة الزهرة','Permanent','2026-04-09 17:58:07'),(5,'بن عمر عبد العزيز','Permanent','2026-04-10 13:14:45'),(6,'عمري لطفي','Permanent','2026-04-10 13:14:45'),(7,'نصرات محمد الصغير','Permanent','2026-04-10 13:14:45'),(8,'عباسي عبد العزيز','Permanent','2026-04-10 13:14:45'),(9,'صحراوي العربي','Permanent','2026-04-10 13:14:45'),(10,'نصيرة معاذ','Permanent','2026-04-10 13:14:45'),(11,'نيد شوقي','Permanent','2026-04-10 13:14:45'),(12,'نيهى محمد التجاني','Contract','2026-04-10 13:14:45'),(13,'عسكري عادل','Permanent','2026-04-10 13:14:45'),(14,'بن حامدي معمر','Permanent','2026-04-10 13:14:45'),(15,'زبيدي رياض','Permanent','2026-04-10 13:14:45'),(16,'لعبادي عبد الرحيم','Permanent','2026-04-10 13:14:45'),(17,'بن سعود محمود','Contract','2026-04-10 13:14:45'),(18,'صحراوي العيد','Contract','2026-04-10 13:14:45'),(19,'حموية عبد الله','Contract','2026-04-10 13:14:45'),(20,'بالرحال بلقاسم','Contract','2026-04-10 13:14:45'),(21,'تجيني عبد الحميد','Permanent','2026-04-10 13:14:45'),(22,'بابه لزهر','Contract','2026-04-10 13:14:45'),(23,'خلفوني سليم','Contract','2026-04-10 13:14:45'),(24,'مطوري زوهير','Contract','2026-04-10 13:14:45'),(25,'فارح عبد السلام','Contract','2026-04-10 13:14:45'),(26,'حر محمد الأزهر','Contract','2026-04-10 13:14:45'),(27,'قاسمي منصف','Contract','2026-04-10 13:14:45'),(28,'غزال عبد الباسط','Contract','2026-04-10 13:14:45'),(29,'حجاجة نور الدين','Contract','2026-04-10 13:14:45'),(30,'بوسحابة اسماعيل','Contract','2026-04-10 13:14:45'),(31,'قديري بدر الدين','Permanent','2026-04-10 13:14:45'),(32,'حداء مسعودة','Permanent','2026-04-10 13:14:45'),(33,'ليفة سهام','Permanent','2026-04-10 13:14:45'),(34,'نجاح روزة','Permanent','2026-04-10 13:14:45'),(35,'خياري سامية','Permanent','2026-04-10 13:14:45'),(36,'عون الله أسماء','Permanent','2026-04-10 13:14:45'),(37,'ذكيـر انيسـة','Permanent','2026-04-10 13:14:45'),(38,'اللبـي حكيمـة','Permanent','2026-04-10 13:14:45'),(39,'مولاتي نصيـرة','Permanent','2026-04-10 13:14:45'),(40,'طقس نعيمة','Permanent','2026-04-10 13:14:45'),(41,'الأشراف حياة','Contract','2026-04-10 13:14:45'),(42,'زبيـدي مامـه','Permanent','2026-04-10 13:14:45'),(43,'عنتر حليمة السعدية أم الخير','Permanent','2026-04-10 13:14:45'),(44,'العيفاوي سوهاء','Permanent','2026-04-10 13:14:45'),(45,'بوزنادة مفيدة','Permanent','2026-04-10 13:14:45'),(46,'حمادي البشير','Permanent','2026-04-10 13:14:45'),(47,'برحومة صباح','Contract','2026-04-10 13:32:19'),(48,'زبيدي مامه','Permanent','2026-04-10 13:39:02'),(49,'مولاتي نصيرة','Permanent','2026-04-10 13:39:19'),(50,'عنتر حليمة السعدية','Permanent','2026-04-10 13:50:01');
/*!40000 ALTER TABLE `employees` ENABLE KEYS */;
UNLOCK TABLES;

--
-- Table structure for table `sources`
--

DROP TABLE IF EXISTS `sources`;
/*!40101 SET @saved_cs_client     = @@character_set_client */;
/*!40101 SET character_set_client = utf8 */;
CREATE TABLE `sources` (
  `id` int(11) NOT NULL AUTO_INCREMENT,
  `name` varchar(50) NOT NULL,
  `created_at` timestamp NOT NULL DEFAULT current_timestamp(),
  PRIMARY KEY (`id`),
  UNIQUE KEY `name` (`name`)
) ENGINE=InnoDB AUTO_INCREMENT=5 DEFAULT CHARSET=utf8mb4 COLLATE=utf8mb4_general_ci;
/*!40101 SET character_set_client = @saved_cs_client */;

--
-- Dumping data for table `sources`
--

LOCK TABLES `sources` WRITE;
/*!40000 ALTER TABLE `sources` DISABLE KEYS */;
INSERT INTO `sources` VALUES (1,'سعدين للتجهير','2026-04-09 17:58:07'),(2,'سلفيات','2026-04-09 17:58:07'),(3,'djezzy','2026-04-09 19:16:05');
/*!40000 ALTER TABLE `sources` ENABLE KEYS */;
UNLOCK TABLES;
/*!40103 SET TIME_ZONE=@OLD_TIME_ZONE */;

/*!40101 SET SQL_MODE=@OLD_SQL_MODE */;
/*!40014 SET FOREIGN_KEY_CHECKS=@OLD_FOREIGN_KEY_CHECKS */;
/*!40014 SET UNIQUE_CHECKS=@OLD_UNIQUE_CHECKS */;
/*!40101 SET CHARACTER_SET_CLIENT=@OLD_CHARACTER_SET_CLIENT */;
/*!40101 SET CHARACTER_SET_RESULTS=@OLD_CHARACTER_SET_RESULTS */;
/*!40101 SET COLLATION_CONNECTION=@OLD_COLLATION_CONNECTION */;
/*!40111 SET SQL_NOTES=@OLD_SQL_NOTES */;

-- Dump completed on 2026-04-11  1:12:48
